,SDSS_NAME,Z,M_u,M_g,M_r,M_i,M_z,M_FUV,M_NUV,M_2j,M_2h,M_2k,M_W1,M_W2,community,local_clustering
33,125901.67+413055.8,0.745117,-24.81762133352834,-25.02829161726768,-25.45679216310141,-25.617523965936247,-25.738754849570057,-24.269597401542452,-24.415486657939503,-25.897070237867368,-25.863920215603425,-26.15791940012572,-26.68517451225452,-27.327356996909693,0,1.0
325,131938.76-004940.0,0.890996,-24.342625948302054,-24.47751769719428,-24.792651147585246,-24.95835990107551,-25.12901911037469,-23.61241861028488,-23.16986809753361,-25.482288293433804,-25.476814167484925,-25.87448438402353,-25.8213609626944,-26.47943343864128,0,1.0
419,132522.47+373300.1,0.5443,-22.75323800000892,-22.85516990915103,-23.28368802036548,-23.37247613159345,-23.62373094397159,-22.381897107611877,-22.308334538646527,-23.87106459106308,-24.01284470769505,-24.463936205184307,-24.124282314998112,-25.0728064951606,0,1.0
579,133613.30+282458.4,1.908,-24.29612723754762,-24.404776344645228,-24.87245282303584,-25.22843774137356,-25.428197617632456,-21.177009049931964,-22.584300016690097,-26.1256406242513,-26.56946040164513,-26.902094188939035,-26.67696314321341,-27.389049088258485,0,1.0
605,133807.50+242411.3,0.6313,-23.38595394768653,-23.535162662578927,-23.871142345880724,-23.90696866814925,-24.08629900491813,-22.79229447723775,-22.82600085616002,-24.211922468483184,-24.561148258717644,-24.81277119628274,-24.903850994136267,-25.56906247314813,0,1.0
985,140544.23+615440.8,0.334,-20.37987939175366,-20.89454212893559,-21.601313841765037,-21.897113005621943,-22.155606667798818,-20.74634439024146,-20.912017281384493,-23.07095850357005,-23.73700462409816,-22.931558530642963,-23.150977721176798,-23.71135114800139,0,1.0
1239,142441.20-000727.1,0.31863,-21.70407851998105,-22.14420488531213,-22.51955015790588,-22.68876099248998,-22.82934490485815,-20.237138910877437,-20.64353511100817,-23.03349663701129,-23.203664271815224,-23.76058472497897,-24.126826363795438,-24.614380885346467,0,1.0
1262,142607.71+340426.3,1.337306,-24.596501434967607,-25.099694193762616,-25.42706090197787,-25.77246460125036,-26.25422647865028,-20.98668873519937,-23.820486827131383,-26.843947697064973,-26.85592369856824,-27.635116565991503,-27.486513170344587,-27.911020026977106,0,1.0
1690,145814.69+050204.3,1.8676,-24.79296260448968,-25.08264104173795,-25.42493517646412,-25.53136054994412,-25.61364040006241,-22.68118560692189,-23.66693620488337,-25.797967284858693,-26.72453052563214,-26.84465861592886,-26.70245781762139,-27.57717468988848,0,1.0
1771,150420.98+543610.2,1.169,-25.11150623308396,-25.52777458895255,-25.837567115351213,-25.94843162103175,-26.23189430303221,-20.023209641304955,-23.12511009528153,-26.595369758812467,-26.427372299272395,-26.586809602558635,-26.841343441975894,-27.60981841893237,0,1.0
65,130114.47+155616.3,0.671159,-23.59331175195256,-23.8585222964752,-24.20714669600128,-24.24079020701132,-24.377272357539088,-23.37982538785421,-23.4428449787866,-24.642610096143063,-24.559297098921554,-24.90160112134309,-25.64418855224861,-26.58448601674587,1,1.0
122,130522.74+511640.2,0.787552,-24.44124068194153,-24.567788565465744,-25.054255990218188,-25.23980496002689,-25.34548133824224,-24.023891650541955,-24.369645281626767,-25.36802498041657,-25.798107786467043,-26.02101719961192,-26.57807295717796,-27.559528091296205,1,1.0
148,130646.71+282354.4,0.921756,-23.52959807247483,-23.61815921487773,-24.00139208051748,-24.305449362350537,-24.511767487874994,-21.458336016236395,-23.50114079143814,-24.505117824040312,-24.690609316761755,-25.362929385867726,-25.744372828043016,-26.662040354943983,1,1.0
417,132518.84+661459.9,0.732245,-24.98638473154867,-25.062682119326773,-25.30324393988394,-25.366957141787125,-25.41515386574368,-24.41766619899789,-24.56491594027637,-25.33012139308,-25.355874631314883,-25.858878559651814,-26.652313644087915,-27.474532703352907,1,1.0
509,133204.84+610918.6,0.735059,-23.30609253651828,-23.41154515983129,-23.61972572401926,-23.674728737531776,-23.76536084735709,-23.048811993293093,-23.17250133890416,-24.24066328933147,-24.714763002767587,-24.81363754352917,-25.275259175345614,-26.111743009861648,1,1.0
514,133221.09+514415.7,0.325255,-22.207017160590997,-22.387926556112127,-22.69437748188246,-22.782054242582824,-22.86876975440284,-21.75009277205248,-21.78762417009112,-23.23697712574134,-23.271769587480964,-24.141252627954657,-24.32670423116468,-24.955543706692293,1,1.0
694,134521.09+423104.5,0.810443,-23.913115120102397,-24.12603776561456,-24.434990373759387,-24.542956429526622,-24.71117819743792,-22.68832693713364,-23.391182045408524,-25.07134361204062,-24.720965195366706,-25.75745666346369,-26.289856388640075,-27.212689098089868,1,1.0
711,134648.54+413516.8,0.376021,-21.659064723757854,-21.701351929838367,-22.117948534148866,-22.26873802930599,-22.456945809727443,-20.84324314308449,-21.219931240107208,-23.041440933189826,-22.37160457443687,-23.766562842628343,-23.91133411875327,-24.550586589734007,1,1.0
1286,142715.08+232911.0,0.233135,-21.63443195576069,-21.97975181221832,-22.3651923115413,-22.51490408677025,-22.54353110057442,-20.94037828034459,-21.414545687693984,-23.954082003407,-23.64721498364985,-24.657569621191573,-24.4360915536574,-25.13862995762637,1,1.0
1482,144345.81+190744.7,0.9478,-24.786182522354903,-24.982496077169703,-25.283137425712777,-25.399062662739183,-25.46210683194504,-23.07360179412595,-24.386251089688333,-25.138359607032804,-25.192450531174085,-25.89860965995734,-26.84705363315433,-27.617052833061543,1,1.0
330,131950.46+334833.7,1.708268,-24.042560355992443,-24.52714190266125,-24.96818316756557,-25.090868725764235,-25.431269121165112,-19.751751541689515,-22.71096166253365,-25.891784906670253,-25.749547637545383,-26.239443865746495,-26.521220222916146,-27.440627559939703,2,1.0
418,132520.30+023550.0,0.433,-20.71189239576053,-21.462672689528745,-22.338972884310746,-22.57296809185608,-22.931036442377152,-19.21345417762012,-18.6634932739826,-23.22588422729006,-23.777989654386214,-24.242898325924163,-24.45993323611994,-25.23179947815056,2,1.0
545,133414.84+114221.5,0.365808,-21.859475012592643,-22.347972373373683,-22.973808753598327,-23.174321397091205,-23.46610407162049,-21.01189796994436,-21.21847693960765,-23.78117791120981,-23.977111721978776,-24.40267523339776,-24.772754593400563,-25.5706811381184,2,1.0
679,134419.43+403220.0,1.889535,-24.022194623583097,-24.420501430607555,-24.96282485349564,-25.449408625064937,-25.72085011610135,-20.287896039554223,-22.34617161907228,-26.34359010961688,-26.729840305793022,-26.55853147710226,-27.10025583413799,-27.97635724874528,2,1.0
695,134525.66+371219.4,0.96601,-23.23154673752269,-23.92650368494991,-24.397449812242787,-24.592137685993485,-24.996383437615407,-18.689566307213347,-22.025273006256764,-25.36964207238564,-25.0763943261722,-25.539331362420185,-26.096409695107337,-26.857519229292752,2,1.0
753,134931.30+345526.0,0.472996,-21.849592118866784,-22.23402899878902,-23.00571303138312,-23.252302517251888,-23.56765312430832,-21.35520859012069,-21.153381738661555,-24.042581263671316,-24.34515329098337,-24.234721349717148,-25.191890024054707,-26.030257231992117,2,1.0
969,140432.67+233519.1,1.0958,-23.28800686970584,-23.838717274751826,-24.196108989799157,-24.3922229244299,-24.78739147926113,-18.49167682097116,-22.059821799985365,-25.08370996774935,-25.6312542547637,-25.71191763902753,-26.36338125088633,-27.30662534001469,2,1.0
994,140618.83+075749.7,1.423503,-23.550722974970206,-23.96263535244271,-24.51760151367284,-24.713204646728556,-24.93530510474905,-21.01369943985038,-22.81634922118073,-25.446919937195062,-25.373909450647428,-26.20425739470753,-26.43322127157277,-27.255007222439325,2,1.0
1076,141208.04+573956.1,0.317,-21.174080298458247,-22.21670446627784,-22.95926735175533,-23.269895024638437,-23.405824833158103,-17.135081693953325,-19.3930458314505,-23.473316372059056,-24.3492242895044,-24.48122063658368,-25.363604341316023,-25.96387497608244,2,1.0
1244,142456.52+101451.2,0.765151,-22.24898715045413,-22.668883088507936,-23.31580836328855,-23.545222833065083,-23.958275553967397,-19.96779926599695,-22.319506094860863,-24.70337183085071,-24.63851737283575,-25.376926871323384,-25.171493380117216,-25.94173144250184,2,1.0
627,134009.40+271839.0,0.327,-21.334272434283577,-21.6738566518695,-22.076684071731105,-22.30996711455221,-22.47592581331712,-20.51632447701417,-21.173681341209274,-22.687366911467524,-23.79865252876968,-23.771686631186387,-24.017319071451283,-24.60840470058793,3,1.0
688,134446.09+340533.5,0.854703,-23.40534179418881,-23.503509353140807,-23.77501545256536,-23.846783907806284,-23.992536777872044,-21.77399714271248,-23.26710904996832,-24.444284886185287,-25.05456717499563,-25.45993309549144,-25.64745163042009,-26.375750727877502,3,1.0
929,140158.54+120055.7,0.381697,-22.30193929969272,-22.49961879137676,-22.833259774887345,-22.989770399978955,-23.16105130955314,-22.39226231459249,-22.11600512811019,-23.230989268457197,-23.41868903378673,-24.44503410017644,-24.58733275949303,-25.309855104255167,3,1.0
1002,140658.70+144238.3,0.2658,-23.59826759602482,-23.78126720564781,-23.88828211816914,-23.99974123198,-24.03265417596405,-23.304536779129005,-23.37131157891321,-23.752119204464247,-24.091097279748237,-24.731400296557776,-25.44720312101708,-26.207633266770756,3,1.0
1008,140716.40+330934.6,0.3088,-21.97256144328658,-22.19786981045291,-22.495901949027083,-22.66439502323807,-22.828965913717862,-21.97475259223088,-21.82835276193304,-22.795576607550505,-23.21318256637145,-24.02275495034666,-24.397274128607897,-24.932153849850582,3,1.0
1167,141925.75+380249.1,0.509573,-23.56980855668251,-23.66751227750377,-23.867264148048168,-23.90901413820044,-24.08891662418537,-23.460953911703804,-23.418259756537807,-24.256963291118527,-24.760004094602017,-25.17896004057536,-26.08851993262725,-26.92553522617354,3,1.0
1206,142238.62+143654.9,0.2413,-21.680987884574105,-21.936041292692035,-22.23428850494081,-22.35104204893834,-22.34755542876067,-21.32203038060826,-21.495843884563605,-22.56027055059118,-22.971312821513933,-23.512437131356883,-24.32837752337311,-25.017275911148573,3,1.0
1213,142252.95+042538.2,0.685494,-23.555405560641542,-23.706649742952514,-23.98435712666469,-24.10187092215073,-24.255316163244803,-23.559443863422647,-23.36024739589924,-24.467426917125454,-24.818717283894777,-25.25375268134801,-25.67355023673595,-26.50408095800312,3,1.0
1240,142442.32+101322.5,0.637533,-23.360646923039,-23.58950450888072,-23.885623546279326,-23.947926887300994,-24.08000615307982,-23.24559695279944,-23.2490351627846,-24.506762060743984,-24.560545784978896,-24.83507788425881,-25.425286808400728,-26.16398839137021,3,1.0
1324,143053.07+303701.7,0.485045,-22.495210685361776,-22.73443269725351,-23.135230159488422,-23.19556607012571,-23.329238350966666,-22.50304258294037,-22.409976565475223,-23.491332341235537,-23.985838153867995,-24.630722423735875,-24.77163629525176,-25.6021878051046,3,1.0
587,133647.14-004857.1,2.808,-25.762098745586083,-25.75368905138683,-26.032269883130063,-26.1647831261868,-26.447438118003664,-18.763934170676293,-21.682965210428844,-26.793961151430132,-27.511145874817824,-27.72468682910946,-27.55567725482831,-28.03605684599841,4,1.0
782,135127.59+210209.3,0.8194,-23.863381206942336,-24.03946405376568,-24.278722130414547,-24.34118198151525,-24.41658453833627,-19.1098784380692,-17.53580691998459,-24.780067539693185,-25.02257209949703,-25.049660985050743,-25.289888392709678,-26.187561990417464,4,1.0
830,135530.35+250853.3,2.57,-24.503564106539766,-24.8774757310198,-25.545644899721857,-25.84945178061133,-26.20254145235521,-19.00756561015946,-17.832219085891683,-26.763023273944224,-27.011066069183173,-27.475221030843084,-27.140656051464184,-27.30875674198812,4,1.0
1664,145610.77+120145.0,1.181704,-25.378530954262896,-25.57516447134258,-25.82646888918136,-26.019667244383808,-26.298167495101907,-19.16494601203522,-18.837034753703477,-26.390775758465463,-26.70335495515633,-26.74058839115127,-27.47639514249673,-28.41816365943413,4,1.0
2407,155854.35+132731.0,0.9561,-24.00238977325512,-24.290300373887973,-24.49598195591453,-24.543334468998207,-24.74597183382701,-19.26095564898593,-17.999477751484857,-25.200843261802515,-23.744093859672777,-25.03900250500186,-25.793565748896828,-26.53175947147632,4,1.0
2574,161438.08+203031.7,2.053377,-24.080376356330287,-24.26997643503063,-24.660574825491395,-24.93930734243236,-25.209688375175485,-18.50054695160671,-17.601041379130642,-25.75083383056147,-26.33512210494878,-26.347535666889787,-26.530662303645467,-27.20455735388917,4,1.0
2596,161556.87+170751.4,2.728,-24.871635897655278,-24.911934208040776,-25.289321557859047,-25.432609923962342,-25.70210003899715,-20.752609899489432,-20.233178845636623,-26.033241680926125,-26.4084175302114,-26.955825621131204,-26.93164959976509,-27.509198849624056,4,1.0
3242,215207.53+040921.7,0.917,-22.203218630916552,-22.6195986415171,-23.116096576174925,-23.36088604182727,-23.542836507318235,-20.295925970896203,-18.238046826932937,-24.822876312165704,-25.472945445942194,-25.435051187474677,-24.988587505511465,-25.904433588423,4,1.0
3350,222559.52-004157.5,2.768,-24.99513643645329,-25.369632005968203,-25.70712197848948,-25.90083752386256,-26.295779348691887,-19.35484993052556,-18.07093480668753,-26.82878584238048,-27.273476201184327,-27.84747336076156,-27.654044870844672,-28.391924292479253,4,1.0
3356,222704.86-011052.2,1.823892,-23.094133914002207,-23.892103896404684,-24.77833488031045,-25.11097785307972,-25.49035621236064,-18.789903690725307,-21.10665952171557,-26.376928636182875,-26.54818651731873,-26.71737733245596,-26.78568285674352,-27.390025108603627,4,1.0
115,130449.39+524823.0,2.042946,-24.44316420095327,-24.642765846086256,-25.12537615690238,-25.42002005193089,-25.73860708617958,-17.490921397951716,-23.017546687232027,-26.388624873953347,-26.779941498585423,-27.260761896359192,-26.964353858277963,-27.536552529189944,5,1.0
134,130552.34+284411.0,2.295,-23.844794441754345,-23.90801836582925,-24.24014410071128,-24.36559173297947,-24.616840914090023,-18.1763618598952,-20.57743026772575,-26.131215496836496,-25.11423927580671,-25.837104547369083,-25.64072935403301,-26.31918925877245,5,1.0
188,130923.06+253331.1,2.086,-24.83572779144473,-25.01208574981512,-25.423017479110875,-25.532353853267104,-25.79780964650398,-20.213205625430597,-23.54635715892177,-25.82833694433495,-26.18130603084076,-26.5505886043164,-26.67753479985758,-27.596132017577776,5,1.0
214,131101.85+115425.7,2.264,-23.988169207600155,-24.291364471744807,-24.866077889760305,-25.009540515388725,-25.291294794302992,-20.87583036680213,-22.066994549099277,-26.077373359851805,-26.202916698209304,-26.936165945010007,-26.266232955948983,-27.31970272281807,5,1.0
335,131958.60+582502.0,1.084112,-23.77538794117825,-24.004076952880943,-24.393842995733586,-24.52312501547332,-24.76187341825736,-19.189619561799088,-23.278569859584497,-25.20387589994149,-25.257679026658312,-25.26729415872786,-25.88741539972829,-26.831096277330484,5,1.0
692,134454.31+355945.4,2.597,-24.689215062016963,-24.75287652575193,-25.261048336936398,-25.446339977558537,-25.6978439975955,-16.06288637061105,-22.11863926330013,-25.90694569934191,-26.75297344856134,-26.95115848620685,-26.70510390915157,-27.24964376771376,5,1.0
894,135908.35+305830.8,2.29,-25.39285091968461,-25.418222525314484,-25.869256643343636,-26.008289123351805,-26.28795021021997,-21.574606034603093,-22.04808077005531,-26.81898123671585,-27.172005325063424,-27.42698383243172,-27.360583368486875,-28.29752185369727,5,1.0
923,140120.43+105608.9,1.643494,-23.72805889841124,-24.079195542142795,-24.52415062721448,-24.735473300922028,-25.0091705396608,-18.455354508496075,-22.678373176251647,-25.63783272072076,-26.034623118554308,-26.402419467161877,-26.118126100561582,-26.86685884457364,5,1.0
1174,141954.25+543014.7,2.265,-25.03005515741051,-25.09127131111842,-25.459308908128005,-25.603500967785106,-25.840178830256335,-17.054327550899895,-22.075073074586527,-26.39965527748156,-25.966040036057286,-26.994439000479364,-26.723645996732788,-27.564542742690097,5,1.0
1194,142136.36+371128.8,2.01,-24.883105319490937,-25.049048123510158,-25.266247379969982,-25.4767701408363,-25.715332935630613,-22.39913352910833,-23.21825046313168,-25.913728539172585,-26.50570188002963,-26.83257392927399,-26.7133168804575,-27.603738651353048,5,1.0
40,125944.09+445444.1,1.392,-24.698146075587037,-24.82143186132153,-25.07691236917162,-25.25710486441665,-25.515304247110823,-21.67768974805423,-24.23425995340164,-25.4035994588303,-25.853556352971285,-26.0042038769627,-26.34092924816326,-27.216838432418488,6,1.0
402,132406.07+262921.2,1.686,-24.905377356653855,-25.11772463261794,-25.50771345404877,-25.760054626304093,-26.05319555215721,-22.52994244545577,-24.25933268281566,-26.5498190456646,-26.841477019069877,-27.02587471577449,-27.28601423591651,-28.072189783348524,6,1.0
609,133823.15+261353.4,0.977685,-23.83249689857407,-24.05378210262916,-24.51478366056811,-24.68866709750219,-24.92224762159189,-22.53669485563444,-23.488136690225257,-25.158723396510062,-25.95326677791077,-25.545444998317,-26.525660191985416,-27.45839936013535,6,1.0
728,134758.98+272450.6,1.060376,-23.83883342724157,-24.00856543869818,-24.387177774571352,-24.57867163951044,-24.85182736599246,-21.07368090269948,-23.57211069909724,-24.96458550252722,-24.972697435642463,-25.26009530114168,-26.05097740514313,-26.93742805944184,6,1.0
944,140313.02+124454.4,0.694745,-23.913792428942408,-24.225360770920748,-24.68110042682032,-24.780540538692648,-24.92748364025876,-22.611295990589056,-22.93646833245113,-24.948225688663,-24.93606231464617,-25.380928761491766,-26.186845351197583,-27.22871951710727,6,1.0
1098,141402.10+374522.5,1.103719,-23.45076047380745,-23.78453592731705,-24.22731347769667,-24.45441969974652,-24.7758181137622,-19.043914521029336,-23.147693577339528,-25.275201236179733,-25.134039434240982,-25.393487110088813,-25.605304273242787,-26.41726677303381,6,1.0
1100,141409.29-005208.0,0.820973,-23.703035438628277,-23.8120096861454,-24.17048878834091,-24.26597189756268,-24.470993404130336,-22.15104115452181,-23.08755579456388,-24.80478350025797,-24.976020654241456,-25.19244296192151,-25.50695127238565,-26.385629041063684,6,1.0
1159,141911.11+562542.4,1.661658,-24.724035691008687,-24.984252029110404,-25.51819084764637,-25.77004340937681,-26.082183302579505,-22.43106430546416,-23.76546716909172,-26.628554077860823,-27.262003008495995,-27.36678886263521,-27.44088373250643,-28.237983680344826,6,1.0
1171,141949.39+060654.0,1.648924,-25.528212711530163,-25.71655102235128,-25.850540169180224,-25.874452304506,-26.07640728892985,-23.83689187021436,-24.904969110176268,-25.97719865303915,-26.35190993372555,-26.734193980663107,-26.944373869025835,-27.98441375582495,6,1.0
1195,142138.66+130402.0,1.537,-24.478221990884528,-24.711822767994367,-24.96834657469732,-25.16042094278083,-25.41799278313781,-22.203276107436047,-23.96131775427639,-25.9463659224992,-25.84426891354662,-26.383671276996164,-26.582961921525516,-27.396397303425356,6,1.0
340,132020.27-003428.2,0.35346,-22.157965877883985,-22.249203456387512,-22.42878412230935,-22.57764703728067,-22.958975912125887,-21.798762232846283,-22.105864641225665,-22.88125720870748,-23.46568232487233,-24.00547387045167,-23.87145812726853,-24.466354998586027,7,1.0
546,133415.17+412302.9,0.310318,-21.277483669485235,-21.929662498962347,-22.479286397203783,-22.626873473903903,-22.73491303241938,-20.07619865302256,-20.566104663093917,-22.81808799832555,-23.464024290091643,-23.8022520077217,-24.23788243855592,-24.942179789936443,7,1.0
1198,142146.16+073908.3,0.230557,-22.714920447836867,-22.711668369163892,-22.84790372603065,-23.04971633161519,-22.94811700018426,-22.302691686024357,-22.170008892496757,-23.14768533925035,-23.46848834654696,-24.15399998488536,-24.839377656769628,-25.361591147554385,7,1.0
1332,143129.60+291711.7,0.256111,-21.914565136849628,-22.164597461242604,-22.53463751335762,-22.68632486086187,-22.729191864527262,-21.231162740506868,-21.67375488474866,-23.16726058670782,-23.645949845977253,-23.857998978197998,-24.418317884518164,-25.05865868538541,7,1.0
1797,150610.50+021650.0,0.135295,-22.405292106678647,-22.550804636880997,-22.791328865264905,-22.91942405136287,-22.90315999279551,-21.261810816747563,-21.77536786851487,-23.283312632350576,-23.847451243474517,-24.24624304415579,-24.75080917729293,-25.16967922424302,7,1.0
2000,152114.25+222743.8,0.1358,-22.44751063786301,-22.622779525476105,-22.8531813693784,-23.0342674732295,-22.978588077760065,-21.91478026161774,-22.21336268574064,-23.3616241416309,-23.98786409368534,-24.56981123839048,-25.28120774524604,-25.65850747184166,7,1.0
2549,161217.97+073145.4,0.2068,-21.576627968164136,-21.87824100583663,-22.436009341714488,-22.73263965193118,-22.64496379915327,-20.978871412626507,-21.286865313408168,-22.952501782663145,-23.307386005844485,-23.86334914394736,-24.60090933214285,-25.175098984650777,7,1.0
2917,165006.23+215451.8,0.194638,-21.7348237423022,-21.80644986627492,-22.083093503326637,-22.350382468629043,-22.31758828132743,-20.63585960325332,-20.709338861517264,-22.867355322747308,-23.18858306160223,-24.06322335260268,-23.965895266321244,-24.526595559255703,7,1.0
2999,170306.47+452557.2,0.170409,-22.075705106501676,-22.190240235165103,-22.442443446168728,-22.51130304572738,-22.46743299713224,-21.33448661165304,-21.805462217167516,-22.894843982078807,-23.368419065976365,-23.87894963740124,-24.302293973693164,-24.71255447997573,7,1.0
3217,213831.33+121527.0,0.916832,-24.414841850935336,-24.83422690759667,-25.12423180636117,-25.30103770836291,-25.560433163824914,-21.68490872442364,-23.76500494645092,-25.83632989439177,-25.95284003219992,-25.92586558375065,-26.324464301542605,-26.37996241443877,7,1.0
