SDSS_NAME,M_u,M_g,M_r,M_i,M_z,M_FUV,M_NUV,M_2j,M_2h,M_2k,M_W1,M_W2,community
000217.89+344727.5,-22.2361879144942,-22.754555405611573,-23.201758563188896,-23.5433767096062,-23.812756429826734,-13.877054542349416,-20.89481173976052,-24.00266259086617,-24.313634052950626,-24.705327244067245,-25.57146264474992,-26.33607511698328,5
001345.01+320214.4,-22.945148078787703,-23.404782258604374,-23.867144494314367,-24.01700371110012,-24.26728460057725,-21.24231703108156,-23.083053502067955,-25.003360648489195,-25.07353376085837,-25.5782757729784,-25.638193215277106,-26.307993109637163,5
002056.81+001147.5,-23.668236493716133,-24.063160200963285,-24.565350754351368,-24.73831399241659,-24.960501806715207,-21.556653481497765,-23.371777284006825,-25.288043726563277,-25.480968088896283,-25.71978150214812,-26.70225314736217,-27.55404566812845,5
002320.24+042901.2,-24.07961453557209,-24.174238498954864,-24.536144055030203,-24.69338827497792,-24.78176185109689,-21.29230482091061,-23.51273469698948,-24.79190458506815,-24.937902995980853,-25.662838100416607,-26.082728198136927,-26.720256547624643,5
002708.00+173249.4,-23.705064059605768,-23.836921465899454,-24.338131096584103,-24.55382616820945,-24.85861445631308,-17.232985119885377,-23.92249352835345,-25.264067255787158,-25.427573531114184,-25.947883849208825,-26.486218245676728,-27.413810967416275,5
003302.77+162745.6,-22.99506577856232,-23.552633281252454,-24.174508943574057,-24.41449597673872,-24.714857100415085,-19.50977249030333,-22.36922627287935,-25.228914222818588,-25.82437607313089,-26.06664662861139,-26.708733804479127,-27.697861786650304,5
004225.68-023457.4,-23.8135031061512,-24.104333069093865,-24.492371012091414,-24.690963927322883,-24.913550052717028,-21.40791415509061,-23.452132548324837,-25.198525235213523,-25.30240299191472,-25.74234850848501,-26.39259110956626,-27.325880598373697,5
005717.89+220320.8,-23.205648654661697,-23.84316924140972,-24.107737947129756,-24.36858475212093,-24.65866584941999,-16.946563916626594,-22.516260967166343,-25.116200188117663,-25.16965766016545,-25.491583985264352,-26.00206652410584,-26.70864620442408,5
005951.74-025858.9,-24.243221530765645,-24.42514586149939,-24.724237437967982,-24.745027838388832,-24.87440206205125,-22.269583176545492,-24.067069215214424,-25.348670360686352,-25.43333454067721,-26.064628516292856,-25.81549585463204,-26.663350377842672,5
010120.12+023429.5,-23.97149875402054,-24.110911997830524,-24.456029700955817,-24.676954868176374,-24.953181021639327,-19.897503907700493,-23.55009260823847,-24.83155174972488,-25.162831120912017,-25.734311950489392,-26.456673916569805,-27.386672396754896,5
010205.89+001156.9,-24.278270896631355,-24.57398135478244,-24.93476139118576,-25.17184451940789,-25.33474489165964,-21.821092413099333,-23.34352989920667,-25.39436501719774,-25.663645984846223,-26.053538703993024,-26.153571150046364,-26.909057359450973,5
010346.58+084651.0,-23.754599010746222,-24.01877300860661,-24.468064264400013,-24.55691275403797,-24.765627310929105,-20.945275938592296,-23.176873014359185,-24.94364600020802,-24.925430809594037,-25.4108746982816,-26.56100669163153,-27.40152371365296,5
011224.66+321400.6,-24.03954019614153,-24.185030938559283,-24.46134855863892,-24.60818786692073,-24.831593873989416,-21.942937280898025,-23.878414557750947,-25.16301135137224,-25.25650251809103,-25.691801276774942,-26.03373031288104,-26.98181660673592,5
011301.74-000003.9,-23.24499521145788,-23.47318710557148,-23.99431379629409,-24.20402388433552,-24.54055652444605,-21.37997255613653,-22.97361785352448,-25.16692245827457,-24.668190664908185,-25.38934337671946,-26.482435262162888,-27.46434179906812,5
012211.74+213454.3,-23.005593580213965,-23.282112552063648,-24.08974554830537,-24.4355990084213,-24.82284937224977,-20.46710644068641,-22.13899180702244,-25.23443917814652,-24.794983769083306,-25.607215637484764,-26.70302970602724,-27.701360217387236,5
012506.73-040625.0,-23.377085865748988,-23.584628478989583,-24.092875816315004,-24.40476027885702,-24.657285216722293,-19.091091337962123,-23.086533816587817,-24.94203105257547,-25.28441818727087,-25.6995397696522,-26.60179688247107,-27.48321154258624,5
012753.05+044330.2,-24.108669764053325,-24.21709942658698,-24.504159637881912,-24.54598724911946,-24.73694743624228,-21.177074325056644,-23.46174355866645,-25.26170880490502,-25.362266450201574,-25.772760652681335,-26.195388033190284,-26.947597141830997,5
012810.94+005554.2,-23.5247272520198,-24.01341798551944,-24.27757951480412,-24.515731677795472,-24.68601138269417,-21.84741471742297,-23.232563301129243,-24.938418504069958,-24.830354764372395,-25.69923172014664,-25.35999038954369,-26.007369161115705,5
013027.10+063107.7,-23.810302770452036,-23.91075467936457,-24.330349259832197,-24.502450168339976,-24.75201425292521,-20.12694714904333,-23.474116032014983,-24.790056361635013,-25.03294129121339,-25.53881036691612,-26.13552606703049,-26.998814657146948,5
013151.62+185621.8,-23.818795631126918,-24.036295780585267,-24.48575901091423,-24.52692640735574,-24.744944918984864,-20.462157939460194,-23.14962551011052,-25.100000924933777,-25.170134163069093,-25.750954526704746,-26.712687051792336,-27.623760171404943,5
014001.01+314922.8,-22.81699083337093,-23.327288974618607,-23.856313381899646,-24.110003193443216,-24.404477643682267,-19.23375762410916,-22.065629582185043,-24.60519420326224,-24.941028365872683,-25.07597299223454,-25.661779772955253,-26.49990964656215,5
014304.00+045019.7,-23.90577687767361,-24.44253166599029,-24.98595585083374,-25.267644421889443,-25.44561417482637,-22.020134694951253,-23.51290230630791,-25.823609313780757,-25.994560304325763,-26.209374995341214,-27.061520511240744,-27.99423874646505,5
014631.99+133506.3,-24.58607319001069,-24.627375368542403,-24.81425286034208,-24.867214968003463,-24.93405967372156,-20.13576716958293,-22.77208374235913,-25.1309461722527,-25.11106350605725,-25.711954698796134,-26.57132357853216,-27.437426533764885,5
014901.18+314548.6,-23.35170939468081,-23.53115645989198,-23.95863093026477,-24.07753898874557,-24.255185468494854,-20.180092590628217,-22.94845216675076,-25.08992680775149,-25.36417386668467,-25.381595345520665,-25.93521034022605,-26.86850050666907,5
015318.19+000911.4,-23.92252868083114,-24.19691218905187,-24.45347742407632,-24.54930565992812,-24.666511089487766,-20.821521445709397,-23.39254697695044,-24.904956169844017,-25.157317448263115,-25.62989322670782,-25.955827541164613,-26.87167949210152,5
015433.71+163100.5,-23.46290319818069,-23.47232869635036,-23.97627788320619,-24.256944009086585,-24.538007815778563,-20.76342245348472,-22.74865590257297,-24.874300890703832,-24.87332323080097,-25.573248799696053,-26.349334892121544,-27.3697515403473,5
020337.80+044938.0,-22.816804557698216,-23.34487737702948,-23.86589573444462,-24.103966231173377,-24.512382140886917,-19.959619312710736,-22.284001120024744,-25.035395099539432,-24.26381631973833,-24.68838950963297,-25.838306947123723,-26.584359952262247,5
022232.65+032242.8,-25.42012207665668,-25.589379239168537,-25.90660707815303,-26.068507082786542,-26.29161766803843,-17.235261545274298,-25.241098747857933,-26.57798615064946,-26.34945862940485,-26.58256218783556,-26.899182671154964,-27.55060406158668,5
022633.47+030834.3,-23.98734762606521,-24.17243449212722,-24.58046559157089,-24.75197895083267,-24.84756497950204,-20.87038268630628,-23.83687669474413,-25.317330237473502,-25.50333459356738,-25.819401450234817,-25.455448853624794,-26.004867324729943,5
023016.88-000743.7,-23.10177184055258,-23.54364037025361,-23.871624310704146,-23.98797533228823,-24.17389494681381,-20.742471454398235,-22.60871382380996,-24.52988677375768,-24.82842088587632,-25.414203159002245,-25.52393902572937,-26.20874915277751,5
023204.15+003301.6,-23.854382900040783,-24.023129397038684,-24.27102727620587,-24.35332371086527,-24.437462088754145,-20.88973340450491,-23.638972888397006,-24.598901002477454,-24.8067381017883,-25.20858627778855,-25.277141789533587,-25.99101819419741,5
023322.16-045506.8,-24.559065727468635,-24.746365203027967,-25.10631890450385,-25.121586478806236,-25.28092577148608,-22.167725202778573,-24.555415863159716,-25.386576598213416,-25.239414441563373,-25.32683148425815,-26.250033683037078,-27.104922732029507,5
023606.24-084257.2,-24.49874189451917,-24.622075512301983,-24.89601273211571,-24.98876984776863,-25.14902112004044,-21.14034092652113,-24.317540217636147,-25.178386975402915,-25.38557910727833,-25.61571890078664,-26.596736451233305,-27.54459576691735,5
025240.44-043834.4,-25.1036003357024,-25.17767873984369,-25.40858071003264,-25.564641618767777,-25.74143410774116,-19.84708030872949,-24.937186408811424,-25.6604863264747,-25.519799240599117,-26.21010275770913,-27.06637881337344,-27.958742247723197,5
025405.09-043716.2,-23.66246254543031,-23.745250585086765,-24.2055990758,-24.317210774650437,-24.517374341265075,-20.25096068694632,-23.269549243236444,-24.951744876680497,-24.842639513652006,-25.5141686117706,-25.671398167800444,-26.45482020526807,5
025616.52-012638.1,-25.204763783409582,-25.271581968315,-25.47533236870556,-25.490377657039637,-25.57078156342604,-22.4331117854835,-25.06549569466581,-25.771986479731915,-25.961916651421063,-26.205711564149546,-27.126494889050413,-28.06780772638065,5
073843.35+391550.4,-22.53919787584343,-22.78119356641845,-23.17755511499426,-23.30313547954441,-23.580632822234996,-16.693779174690185,-20.379649591687155,-24.572020772523437,-24.60587611716757,-25.25430111477339,-25.00174986690149,-25.85763562568877,5
074358.27+323512.4,-24.883811807151705,-24.962679644882662,-25.297156846672248,-25.44279215760877,-25.629222636934795,-22.52141236031794,-24.58484154728619,-25.61931040724421,-25.625670917071663,-25.984271013223356,-27.00652916305719,-27.924289032252148,5
074653.94+391132.2,-23.488779795997758,-24.26571727199892,-24.68930398879874,-24.889949488609773,-25.17439069721409,-18.520325316576297,-22.013621500888583,-25.06593983003164,-25.05940423095916,-25.84417677930634,-25.84266160911705,-26.588386724016427,5
081155.68+444321.1,-23.751500565116537,-24.12674756995388,-24.62258204005716,-24.86648128217771,-25.152507291535237,-18.965635369287963,-23.56895149183781,-25.617699616117346,-25.541157160793368,-25.947877202376883,-26.29828397729321,-27.02459834570609,5
081737.27+314707.3,-24.24424699340411,-24.351058947191905,-24.70379718795158,-24.84409958098447,-25.066738424452478,-19.988412848537177,-23.884412669541906,-25.34362555165909,-25.75197322721302,-26.14146805949982,-26.402363505867545,-27.267912280692137,5
081819.28+562307.6,-22.82476648198339,-23.348762871321384,-24.05483479965601,-24.327120287599204,-24.621394462960478,-15.444595873086476,-21.26304548547566,-25.07908355025255,-25.316999843426466,-25.814305165336155,-26.34967462366897,-27.310480953951576,5
082827.84+400333.9,-24.19257717041957,-24.292526714915077,-24.59563681655513,-24.738397999148376,-24.939425443288663,-21.016976551371048,-24.08014174798188,-25.47960714307141,-25.208381152337942,-25.686422562832817,-26.224530182574625,-27.04458910682742,5
083522.77+424258.3,-23.464921134358505,-24.03903090568009,-24.666333885704915,-24.969474377247117,-25.24207153776765,-18.049851910434,-22.29003032481968,-25.50476571687295,-25.53295052904823,-25.87476387012485,-26.501674232557036,-27.37579467993329,5
083841.70+430519.0,-24.024408143592968,-24.313103662468905,-24.794300299423355,-25.001933636580624,-25.291393348381664,-21.21928460104192,-23.80336544822873,-25.69632550024152,-25.40502534273012,-25.733617450829406,-26.398334249816223,-27.122388251649525,5
084624.23+581654.4,-23.75402324113486,-23.988383451480352,-24.552097801431213,-24.74312208370657,-24.951700667073403,-20.636839322696265,-23.33253073604399,-25.27176586016644,-25.026168821022218,-25.664902534455884,-26.202962402849224,-27.023061005217745,5
090216.49+375724.1,-24.24661434051936,-24.45217057138293,-24.796799396640832,-24.86304725161289,-24.944168857335875,-21.35645902335492,-24.14649993846533,-24.872384305921766,-25.117675050254785,-25.543265373901896,-25.76091701428805,-26.4482762153856,5
091542.24+251939.0,-23.50130308840742,-23.8906935649196,-24.30535167776652,-24.3974465384484,-24.59852983142712,-20.85086251645865,-22.89596414416182,-24.98184146127739,-24.9718972616321,-25.32408305783897,-26.17243782839155,-26.876093063559274,5
091938.64+360246.9,-23.23752848390233,-23.579662841704536,-24.028633890909983,-24.220923824692893,-24.48969766731264,-19.637466515998437,-21.353054798585838,-24.585205782180687,-24.621469688589485,-25.466740162135583,-26.1631141989583,-27.006446741115237,5
092335.47+312408.9,-23.897267867636888,-24.227164244185825,-24.63340142983719,-24.827065297713773,-25.158272500447744,-20.47065867706736,-23.53448795705447,-25.57393933536891,-25.792385428057926,-25.93150232436892,-26.218296234511165,-26.87073966751847,5
092507.27+144425.6,-23.386798231317517,-23.925201758744496,-24.258929246393077,-24.5475198280165,-24.858869007249503,-18.46566301941326,-23.37569959368832,-25.63074006379613,-25.783979288212457,-26.112196282625423,-26.316341615929392,-27.189801238632032,5
092736.82+120757.0,-23.342963913198783,-23.91193894383766,-24.46247779792029,-24.82642000204685,-25.08437874849315,-16.64122200381043,-22.150382623402,-25.31431484969707,-25.641703231820152,-25.930433988019207,-26.85108888864467,-27.81763502352553,5
093251.82+073729.0,-24.44788638063277,-24.68413489879424,-25.03486797231016,-25.196536678957884,-25.372445240023897,-21.1466685430044,-24.15642629848585,-25.55827351015169,-25.25282409266649,-25.780448759113547,-25.824126743343555,-26.560799634398705,5
095614.38+255412.2,-24.86020109693405,-24.95114798267907,-25.212206316770157,-25.414282114381848,-25.7165484267835,-21.527917229407503,-24.11806977404217,-26.00355320402169,-26.12039345440586,-26.54573641722415,-27.51178743162062,-28.54597057443165,5
100502.34+465927.3,-25.085763849492267,-25.12730065181277,-25.46939760251914,-25.55602146086774,-25.7380076121023,-21.75463846969133,-24.6234174125869,-25.9185522996824,-25.82824006740652,-26.17087334058463,-26.986935147901505,-28.0134008005624,5
100649.80+365202.9,-24.445158159867148,-24.626653966658065,-25.12620716285073,-25.371633513169662,-25.669646285978416,-21.12857676391181,-24.144369632755605,-26.17448842470097,-25.907402415178023,-26.258929846295715,-26.97366348377353,-27.722578645430424,5
100653.60+281704.5,-24.165590874146577,-24.469192318313905,-24.71713551249846,-24.92464775517121,-25.116606599625168,-22.56247396535111,-23.590178453947683,-25.24020834437796,-25.138085640315094,-25.57456505375088,-25.678891150319107,-26.33663759266873,5
100943.55+052953.8,-24.67080285967695,-25.042134321429632,-25.481338576975467,-25.68137421260171,-25.846870182592088,-22.50921927747929,-23.93740818383548,-26.175928156712267,-26.011839863035032,-26.421066176253007,-26.64277816826771,-27.39258952323929,5
101828.21+310343.3,-24.485782491953533,-24.63756514263713,-25.06463862721248,-25.173313803151537,-25.319884912418555,-22.28748607699337,-24.39888494628771,-25.693289486906327,-25.49733818267914,-25.721331532561575,-26.18796631369146,-26.939926411307027,5
101947.28+561915.3,-24.111416741445076,-24.27517434648149,-24.63729478856733,-24.731259310540235,-24.90379896889425,-19.776951001174545,-24.020454838026428,-25.415839070656663,-25.30624271775073,-25.761662650798144,-26.152959204367384,-26.99771406781237,5
102005.99+033308.4,-25.16368760115101,-25.43884611083385,-25.813878073084197,-25.95864607651161,-26.071241551777465,-21.860874520937177,-25.241975043982897,-26.49973006107983,-26.26553703395365,-26.668913866638068,-27.203972616880748,-28.07558864328069,5
102349.38+522151.2,-25.1190210855097,-25.240120600431293,-25.565945799198136,-25.640055037444046,-25.770647411093307,-21.94939280154377,-25.00084318356964,-25.789105427118617,-25.89279006062171,-26.312119281601014,-26.967908806317507,-27.84530833776347,5
102603.41+314938.3,-23.955226325277707,-24.087901288618344,-24.462702985398547,-24.56958179861273,-24.794099915167934,-21.053956029368173,-23.97703148888717,-25.4536452471508,-25.112198825632007,-25.797077349491698,-26.174566528423057,-27.06604688957107,5
102839.11+450009.4,-24.032122507166385,-24.388030067399782,-24.707937972338623,-24.98711193745403,-25.2662639118922,-21.79317580812021,-23.329887163412053,-25.132633510730987,-25.20981051719001,-25.705521631359908,-26.0138478750841,-26.83311052354133,5
102905.16+252824.4,-23.80825378411045,-24.013031899768624,-24.349798805811417,-24.50518587156185,-24.6602889293136,-22.63590679054584,-24.140557699571627,-25.08722048212862,-24.74192307712873,-24.93618841870397,-25.257469219054187,-25.809017306914885,5
103032.23+253105.4,-24.051683636006366,-24.322436440612307,-24.768181745397683,-25.066820665236232,-25.25480609969789,-20.348064266441053,-22.710181678733694,-25.267870727756858,-25.236547679634427,-25.687099559392248,-26.634834659402053,-27.627512009002174,5
103621.60+393701.6,-25.04162425776457,-25.87823960733961,-26.29559811607951,-26.259248620373764,-26.564980612109267,-19.30810786421155,-23.979231677997475,-27.14931069944144,-27.20092942855308,-27.2367103820004,-27.823506138699813,-28.46941884467385,5
103822.46+134657.3,-24.409973783413925,-24.59938311670913,-24.949564737525204,-25.054509564920814,-25.18495666300288,-22.97905755338689,-24.572977243310746,-25.549645899126983,-25.50380886506906,-26.03985578422063,-26.05789703269093,-26.606354476897533,5
104002.56+210900.1,-23.546895694075268,-24.34902443892,-24.941815546927145,-25.36184086726527,-25.771195323588287,-19.89467297976052,-22.923754042035903,-26.25423687766297,-26.20156654483337,-26.43838010924716,-27.131648926798324,-28.070495745197363,5
104231.12+221300.4,-24.303497826662603,-24.40551650957512,-24.75330762018208,-24.912646500718303,-25.088756123006643,-21.29111423525818,-24.22599550578371,-25.36362467383821,-25.40168390768237,-25.89611275217904,-26.208947546057843,-27.128520034127583,5
104430.25+051857.2,-23.798860306220156,-24.12960490848801,-24.59219209563932,-24.83625546296811,-25.12832802837699,-21.54987720350818,-23.113270550172533,-25.329482126831213,-25.615752849030027,-25.920668994047823,-26.58772209295394,-27.54708274771593,5
104513.81-010246.9,-24.63994606439864,-24.849816775561795,-25.17444268483097,-25.399230810909224,-25.64143609656881,-22.459291251491496,-24.5975225933903,-25.80106310890355,-25.9659056087976,-26.0929497581861,-26.80407237758161,-27.657149246974743,5
104704.46+170046.3,-24.27948759384852,-24.40242440004283,-24.76656553394368,-24.862163162020988,-25.16205077937337,-21.307913105272377,-24.333454025086382,-25.35690842720965,-25.14882452538757,-25.34685822585055,-26.24707883851333,-27.19955151762888,5
105145.97+295540.5,-24.562334909176933,-24.654712897585824,-24.871519329449093,-24.90523150805023,-25.05871333472748,-21.50004981493077,-24.402230186582187,-25.175185756537523,-25.156641307851064,-25.73621593825121,-26.28420442809192,-26.976030938324183,5
105449.53+252650.7,-22.801088235485,-23.27279899938121,-23.65543638880671,-23.903919800197624,-24.21645311924835,-19.58198749620243,-22.087389888734755,-24.586677381928848,-24.66521015264969,-25.02922560528944,-25.29375414617821,-26.045820428958777,5
110108.43+515021.9,-24.092879863946123,-24.30601947186676,-24.758965774967056,-24.95241089690919,-25.197670902577183,-21.59068639601627,-23.87732350936074,-25.328153248129,-25.67214671945807,-25.70427965748229,-26.715516708839026,-27.69967713017355,5
110931.16+353025.8,-24.72616103108693,-24.984229981823628,-25.33768456117139,-25.576459505972547,-25.735372116298223,-19.80937626106589,-23.652721053424493,-25.60631502442717,-25.414788726576337,-25.75926572879089,-26.754530657862123,-27.57078248320317,5
111013.79+523607.2,-24.300979875301746,-24.521559314789304,-24.84807936160329,-25.0374795808668,-25.334544822182465,-21.726423405326518,-23.922788357412905,-25.515076186926503,-25.47035835817313,-26.108314222853107,-27.01427094848696,-27.96488496375857,5
111114.90-013949.6,-22.69346653958975,-23.38147292355944,-23.9390438126558,-24.316712204737076,-24.649283152539013,-17.65491032665457,-22.5540580755058,-25.44211275244954,-24.887897082859567,-25.562630703503665,-26.512826695290425,-27.314583079307948,5
111504.22+251100.3,-24.75594992906991,-24.82689980711569,-25.113515044269956,-25.247169228572044,-25.529991286799905,-20.15329093991401,-24.50797460715806,-25.605485064064325,-25.76689387348948,-25.968638635054656,-27.0660204059628,-28.12570843498485,5
111732.16+364047.2,-23.46874924272912,-24.08043449518437,-24.75236121232945,-24.98825722594956,-25.221482160667385,-20.299603319828623,-22.500034064438797,-25.469452667686657,-25.405563750119786,-25.84544943336967,-26.706545458931707,-27.579721709248485,5
112703.53+612349.3,-23.23949612548781,-23.51657279279288,-24.020206902675884,-24.40203277331661,-24.67523876376042,-22.65754961330609,-23.28356710295482,-25.236439002647792,-25.029608362461623,-25.693331454481186,-26.46255789038122,-27.33291225199668,5
113020.40+422204.2,-23.582533307589184,-23.81708465899097,-24.35170595661672,-24.566102416864407,-24.699021249858607,-19.537236149664853,-22.908114822347382,-25.28518048247185,-25.30974376316884,-25.873614300002224,-25.44601511421388,-25.8631358495489,5
113230.09-024620.9,-22.928009158405416,-23.07974885767701,-23.34242458482196,-23.474496154744635,-23.47756782618448,-17.04790614751456,-20.326278221831146,-23.69355890789815,-24.32054787843775,-24.858845932951947,-25.26316403969109,-26.02141327817223,5
113606.88+635154.1,-23.15890090784901,-23.55307371510057,-24.0393191596411,-24.218285417772517,-24.411245319735634,-20.540317432951824,-22.65065890324524,-24.944682891760035,-24.786119922732816,-25.30129548598979,-25.456398822233407,-26.21615040000548,5
113636.78+390004.9,-25.29804644590289,-25.518101329967003,-25.924732406220254,-26.193182889462797,-26.385653214210027,-22.1615442902766,-24.578443587468477,-26.619748290190103,-26.60830952780625,-26.863351100182125,-27.156956952679145,-28.02363211223968,5
114126.80+653622.3,-22.822959170059946,-23.29781695106122,-23.921271182761043,-24.208173532361037,-24.47060181848617,-19.38257896889201,-22.41196281214943,-24.58871443408135,-24.78881671598619,-25.44213412640821,-26.414062910800123,-27.31014092745673,5
114506.45+034204.7,-24.5722028948743,-24.801118126774004,-25.09859216106777,-25.351476886389943,-25.67811930641662,-21.47741502178753,-24.04768438999848,-25.79793703985548,-25.82610113454505,-26.474615036956006,-27.17320525350389,-28.173765484291515,5
115734.83+163859.6,-24.54958617889942,-24.92482646147403,-25.396663189635248,-25.62493317493749,-25.873381483207748,-20.905632439171622,-24.237184039655236,-25.983653940531465,-25.97560530475616,-26.216990585699865,-26.699356514582533,-27.59599648672277,5
120523.70+380552.7,-24.525706855901102,-24.809522886550894,-25.162270528589914,-25.43784435372818,-25.7079736280182,-20.88961636275558,-24.237430004946983,-25.579516080765305,-25.71197023174826,-26.245485626372364,-27.04821634286144,-27.89011195694377,5
120547.01+635016.3,-24.07770327182619,-24.332467246433765,-24.68487701558832,-24.791655759995443,-25.006574281609847,-22.17145091538564,-24.08246333067501,-25.396891593951924,-25.369089778567403,-25.678038916503127,-26.531474290567544,-27.38619171452413,5
121413.55+052254.3,-24.39360818813723,-24.767116859206418,-25.26335509902582,-25.4943314015676,-25.70372753369649,-19.299777273601936,-23.8743502318124,-26.07107339253036,-26.020474017519533,-26.563563709124484,-27.24497671393822,-28.20469960826063,5
121736.47+180420.7,-24.61025360157217,-24.720833855104782,-25.15786924725631,-25.24366845392004,-25.420423056388955,-19.47385401082053,-24.66653297290396,-25.94801039609972,-25.97417419332921,-26.22878667066542,-26.989953905246104,-27.89271304400095,5
122300.22+554000.6,-24.35029501555726,-24.62177265539242,-24.98798959311426,-25.09182855037246,-25.21301823255348,-19.96652531816771,-24.49589888109848,-25.5658320116978,-25.37055756924587,-25.550630956514457,-26.37103465453359,-27.15611831994224,5
122339.33+461118.6,-24.4063473859406,-24.458214160267747,-24.76614545472525,-24.87844785572798,-24.959770097639183,-21.159274168077253,-23.981843672895756,-25.35640185325036,-25.65242433783405,-26.086670815240065,-25.547635986637257,-26.29486965447342,5
122415.83+222246.0,-24.35207819412954,-24.54513489080632,-24.85700682583904,-24.955941243518843,-25.06187586166963,-22.40133858861643,-24.37518212355434,-25.3852015173178,-25.407946131417734,-25.818564758086826,-26.07610325408529,-26.795460699888697,5
122614.97+120925.4,-22.780184180602944,-23.125561068779916,-24.10079966103891,-24.384670564911858,-24.68770116641775,-18.33282915535207,-22.10106567341949,-25.59977527885606,-25.18640336505892,-25.916333993609413,-26.21166079717685,-27.106157464802,5
123049.67+071036.9,-23.63652162252595,-23.84524167710708,-24.400685812919125,-24.708516327914136,-24.888080925976872,-20.368611523786186,-22.63993500139716,-25.001486972729023,-25.25183478014213,-25.945585796035022,-26.55953537251421,-27.505356920105594,5
123609.11+191234.8,-24.4098607196962,-24.6937555343477,-25.04368976433748,-25.22924880041791,-25.491868914785325,-21.030443427791724,-24.200685085544524,-25.955033317473823,-25.72535040950883,-26.02664530830925,-26.40732768868301,-27.27062429354768,5
123638.28+030250.3,-25.146369071089183,-25.367976159654724,-25.74301287910711,-25.88615364509491,-26.013881199308376,-23.710734913895173,-24.822992145500507,-26.360112018979187,-26.138285517476756,-26.542376562547208,-26.366593346137325,-26.868708731866224,5
124116.48+514130.0,-23.96831869990551,-24.24029769678278,-24.568285369651957,-24.591596357186543,-24.765681828732514,-21.014229951964367,-23.743683589315,-25.251201093354755,-25.130743193412837,-25.67181911475705,-25.93588576339805,-26.85094965946128,5
125337.56+471639.4,-23.30452628043984,-23.822930546339133,-24.43554378987665,-24.688856353765285,-24.91820402079293,-20.618158152013915,-22.247464812766083,-25.37307418902122,-25.20299557535521,-25.619971508828502,-26.397852849319023,-27.43951527578753,5
130203.08+265809.1,-25.103437816456847,-25.17790930973533,-25.44917264371271,-25.513568084819923,-25.643501517746166,-21.309524825357144,-24.57720226474899,-25.587331948537425,-25.75704657647833,-26.25384421031127,-26.85485864932828,-27.66918045368885,5
130311.36+170430.6,-23.88626621061325,-24.019758220129926,-24.291276964714125,-24.385208920531365,-24.587030630652883,-21.465401128057294,-23.562467973947637,-24.734701642479184,-24.62770059038152,-25.00157439518334,-25.86470432468301,-26.658054911296045,5
130325.88+174000.1,-23.816481856241975,-24.21472823287461,-24.589580543405035,-24.7868046332918,-25.01731438294108,-20.07279910773254,-23.28222958417942,-25.238180349744887,-25.321089430093952,-25.54987555395592,-25.787361564512643,-26.55635290700791,5
130829.67+300539.0,-24.701381371466635,-25.005289271927627,-25.41409892734458,-25.56354192435653,-25.755045881314445,-21.98088085150652,-24.358460022809822,-26.166274286127504,-26.058726624974607,-26.649723118275173,-27.138963930528167,-28.031034557958023,5
131513.95+155854.9,-23.05152504616638,-23.512643172796977,-24.08931698754201,-24.26128325793737,-24.512966887760644,-18.668445183612043,-22.250850152365597,-24.76341829643295,-24.987852653866277,-25.602425872643163,-26.05562758395452,-27.118089040416557,5
131946.20+514805.7,-25.337270614221104,-25.381405464935582,-25.7207384970313,-25.9256523237254,-26.04871577425673,-22.986817838417146,-25.021135449881704,-26.4535276677953,-26.21333769312756,-26.65373120065328,-26.613790001759213,-27.29299135785432,5
132001.17+071817.1,-25.067211182066178,-25.43202385727511,-25.85194189796583,-26.02525840091143,-26.24960757881312,-14.23109315813071,-17.596948046696365,-26.61248561531536,-26.68880893553967,-26.886643732077307,-27.48638221836831,-28.285366070948545,5
133343.35+161414.1,-23.765514840285636,-24.063650155325025,-24.51949851587462,-24.83187760202713,-25.045029560923,-20.2938619959004,-23.009903734832392,-25.405119762849807,-25.658004089217517,-25.78781200197932,-26.75889785453342,-27.742865339072395,5
135044.88+252839.0,-24.03830825656692,-24.32851644445533,-24.74600146997305,-24.90161665771046,-25.10092298006439,-21.772542412322952,-23.850892019947363,-25.201706416253494,-25.2984912168025,-25.73868708143185,-26.09216510276698,-26.902957324636954,5
135114.75+224323.7,-22.915930490641465,-23.44409121287399,-24.016735820414198,-24.328407613836085,-24.57010601998155,-19.953578089490424,-21.93361343194237,-24.76276144865851,-25.044168550431408,-25.062414071527957,-25.72992158430432,-26.610580145539096,5
135151.94+394307.5,-23.780910810346537,-24.176572079903863,-24.52203531467877,-24.62167469247031,-24.93511108653198,-21.33328344256389,-23.408367136422857,-25.061466816330277,-24.973381678993345,-25.356258648492386,-26.157027306734754,-26.75775861058854,5
135259.95+395347.7,-22.415318398949783,-23.06646678112471,-23.535037129073984,-23.756456055466877,-24.045333235230128,-19.39122268559454,-22.001485344977333,-24.97102653746804,-24.88139420677568,-25.3137939010742,-26.19100073115302,-26.96391230059784,5
135757.34+162010.1,-24.10309020170956,-24.33812645641564,-24.762928119393035,-24.96237199312605,-25.10515768284284,-20.06074143322779,-23.779066321595824,-25.46837959990686,-25.31368425734167,-25.64016928400099,-25.98455126903269,-26.824671698547924,5
140357.70+065545.5,-22.67047780495777,-22.87904734814093,-23.08868951248953,-23.098773374483,-23.29173079319248,-13.93570931979664,-16.810328664117243,-23.991893338866696,-23.258399628861223,-23.28500146751895,-24.51156653857313,-25.316519652895284,5
140801.49+260632.1,-24.610941329103238,-24.7808429283686,-25.176409434863377,-25.357496849946894,-25.529532851292743,-21.914103844699515,-24.281813454272392,-25.783747689838908,-25.759611547406163,-26.26099543025302,-26.677745652957743,-27.55347467093476,5
141159.73+423950.3,-24.93410709164683,-25.019290761260844,-25.340980336465336,-25.453665117099035,-25.596382286730783,-22.107494675699883,-24.530173418052165,-25.653173578291536,-25.633641266214585,-25.97184169266496,-26.58140906393048,-27.400822278832827,5
141241.14+071745.3,-24.400189764500517,-24.69491043695132,-25.11359938031392,-25.462524451777966,-25.655665330834974,-22.584658366761087,-23.850725724886605,-25.7701895700603,-25.589265241707373,-25.992715800516685,-26.17211522008431,-27.00476953159337,5
143921.69+414923.5,-23.28741780324621,-23.947758747591497,-24.378365473357697,-24.704240973709958,-25.049096155681035,-18.65488910761239,-22.807580969844405,-25.69136748064972,-25.553857719102023,-25.834510292502888,-25.865894744918272,-26.44108646951801,5
145343.93+422623.1,-24.310194902513874,-24.476056311553343,-24.851048988393018,-24.988891598796048,-25.270656861070904,-20.63418128936413,-24.03527242052512,-25.41261457864049,-25.583936874355533,-26.039371409175462,-26.34542947636167,-27.188477853199267,5
145921.60+112308.4,-24.2286828504145,-24.44374483642718,-24.83490102034778,-24.966292636924607,-25.21374094648749,-21.39173508358472,-24.174409664467937,-25.90370782930794,-25.91215394075901,-26.429144415477044,-27.18669323345417,-28.22611441116932,5
150847.41+340437.7,-23.966353066387644,-24.13707398150203,-24.765432008720424,-25.042574147028574,-25.45580750247942,-20.24543392829238,-23.64984329309124,-25.71684382001949,-25.490255738381656,-25.99804658139289,-26.81929767456454,-27.87145744945032,5
152045.54+073230.5,-23.93525969386724,-24.16852360553018,-24.84199108389728,-24.839949625699692,-25.007744978265755,-18.37500660043798,-24.37084225774145,-25.503619599980382,-25.661805266677675,-26.04110471701648,-25.88098685653706,-26.53144805211104,5
152510.61+002633.6,-24.719854751444824,-24.95279624426965,-25.388881171644456,-25.56081718603089,-25.70944734551381,-21.374121754021804,-24.693884243310087,-25.784479791584747,-25.98261293687296,-26.53217092672336,-27.52744623129393,-28.393007481193703,5
153209.51+061356.1,-24.384727819598695,-24.68482977700876,-25.234856530489125,-25.442450396334657,-25.69300991285729,-20.66443654395081,-23.46336822464613,-25.982480439698374,-26.024124620670065,-26.089091041395925,-26.76110860862821,-27.61055155206916,5
154956.87+070044.9,-24.55807953405873,-24.84349900786203,-25.197555608076527,-25.288568141189423,-25.498793216681083,-23.5415526384124,-24.25648792739654,-25.41475411018129,-25.47423467980802,-25.99225753512177,-26.18889674135833,-26.87058853568928,5
155251.38+314944.8,-24.84933702206541,-25.068181398485752,-25.462207968612645,-25.70182052871628,-25.957355808313565,-16.191437519876956,-24.28611274974377,-26.119210104698592,-26.06483619735189,-26.409467401334037,-27.103263926843585,-28.03844428292507,5
155304.92+354828.6,-25.10927473285975,-25.325356250122827,-25.724502050298867,-25.90395945823889,-26.061753828190863,-15.812752838452424,-17.960160442014995,-26.25943092364943,-26.439989280316947,-26.660095050930547,-27.41367488070168,-28.27357072104377,5
155400.30+204312.5,-24.553072167253465,-24.977085781167936,-25.340122836039757,-25.533841441139277,-25.814743235627688,-21.83573577597687,-24.177189205159436,-26.296162736177028,-26.50423309509948,-26.707971362919945,-27.01884780199703,-27.700798321696123,5
155412.48+144533.0,-24.26531826551276,-24.430915310872845,-24.791180889858573,-24.94812097072661,-25.069487227334918,-21.214523365589127,-23.687179493747525,-25.349354411903253,-25.6125494589536,-26.065613154854663,-26.648459667808847,-27.662172261815307,5
160143.75+150237.7,-23.559426127704704,-24.135149046535677,-24.70903519839397,-25.01728715700719,-25.21577799261639,-18.071375571811817,-22.124793956389887,-25.477688413630904,-25.58570941888675,-25.89506246387671,-26.585740179328983,-27.42776532340143,5
160714.26+492332.5,-24.056993208213303,-24.31302698204126,-24.604657329258615,-24.68029114738293,-24.89155315761088,-21.105482253720265,-24.314879770924485,-25.341858718320285,-25.37391436287453,-25.8764610963837,-25.997230541154423,-26.663661346343986,5
160839.09+354226.5,-24.966975394034407,-24.958607648326144,-25.265707082453662,-25.443854094739542,-25.47725213794515,-20.71488086194134,-24.630387301003204,-25.36262200842389,-25.28733643454806,-25.913123922835226,-26.79989080954774,-27.71242671444685,5
160855.43+435259.2,-24.69381852401515,-24.827848775649684,-25.175165922772862,-25.28307585751461,-25.47638196144337,-22.18546490839694,-24.80772679296871,-25.90673899581103,-25.840010957346657,-26.229500293649476,-26.946563047914868,-27.928560605778884,5
160918.01+525816.3,-23.10039186999782,-23.69849237751217,-24.395061979829865,-24.757754644511483,-25.01837301344935,-16.89995027548465,-22.99771540431689,-25.619892195198272,-25.642919796045227,-26.158364396212523,-27.08624888050112,-27.992228434656557,5
162318.89+402258.6,-24.000587376318077,-24.26630979882066,-24.604994472397365,-24.71750234989531,-24.91764082161198,-21.778735933949022,-23.42159092696411,-25.280812960523622,-25.406750331798857,-25.85714612311981,-26.180037374897804,-26.85982646669338,5
163140.87+470511.0,-24.250447595452183,-24.63186649801136,-25.100568784973177,-25.35588253066954,-25.60299470952545,-22.29844908316816,-23.949701676585104,-25.766732257758683,-25.90682640567127,-26.08859239583853,-26.918072259894576,-27.832375101517226,5
163344.28+321601.6,-23.20254335676877,-23.4621781471328,-23.82559296042316,-23.90652374925816,-23.983114258405323,-22.1479332019944,-23.03714822363113,-24.342073222022265,-24.379986777834635,-24.874435530350944,-24.968158770815307,-25.613524773544384,5
163600.37+432802.7,-24.451919100219868,-24.76531779801089,-25.08742908670378,-25.252492456376423,-25.533670443093964,-21.309130035795228,-23.390872170218227,-25.817499768537736,-25.93091483028586,-26.1681184473976,-26.85297437883765,-27.81426088956372,5
163618.36+280618.9,-25.221448917950323,-25.239542808406345,-25.514165567926167,-25.68799860661425,-25.841749676601182,-20.888244830257666,-24.64189423071857,-25.759406205724936,-25.77788499139686,-26.1901795629978,-27.24012024418744,-28.179443768989625,5
164556.72+443054.5,-17.73083221280713,-23.182020435082972,-22.019887634599872,-18.27615577218977,-19.98634832154157,-17.37698210727357,-23.658259803074955,-25.272774373964022,-25.538021132469385,-25.955277472221432,-26.22896285957076,-27.32244287837507,5
165658.49+275445.4,-23.92968811876538,-24.170567878940293,-24.57979922019011,-24.78631416885492,-24.85780655966324,-20.186598542446163,-23.892689659207942,-25.67971569243252,-25.387449117493876,-25.85048935427893,-25.558589612509586,-26.33015511790437,5
170017.17+325706.2,-23.858226288260298,-24.256441112335512,-24.64546367884772,-24.819423338133177,-24.96250333828161,-21.586978266924717,-23.98560514009279,-25.363853437020897,-25.406966565683227,-25.838465944637623,-25.937707935631444,-26.534990224129093,5
181125.92+791532.8,-23.707590173604903,-24.13332995513657,-24.91030375211133,-25.16759137624444,-25.43360814048247,-19.58301762829069,-22.46240381435719,-25.29920021411274,-25.393314604134524,-26.01621805851831,-26.92693471252228,-27.80756705752644,5
211305.31+070313.5,-23.11599414732402,-23.54609873587685,-23.97762499119071,-24.220524733572645,-24.470490274106737,-20.39424589821328,-21.924715853189124,-24.967394782397747,-24.773681107115276,-25.307278299714454,-25.82768604062108,-26.56016952290844,5
215710.29+065125.3,-23.55475450318338,-23.834275827810128,-24.17714606949783,-24.448811912577543,-24.649453703816004,-21.027260986717287,-23.611300674688763,-24.990160361102102,-25.032373640139586,-25.53796006970466,-25.553382939470435,-26.02511932184962,5
220933.80-031237.7,-23.09055208034245,-23.51860453525007,-23.822564026320546,-23.8948669833368,-24.106331132725177,-20.24797287462605,-22.85665416099412,-25.159693279181145,-25.24411356536395,-25.640305976434156,-25.564200574950775,-26.52302497340799,5
221155.73-001043.9,-21.80871653850564,-22.45431455754319,-23.018190918979,-23.22696217720548,-23.56170940403097,-14.88419000622127,-18.7751883977349,-23.887148772802576,-24.179850204479955,-24.630440663349223,-25.16846679382267,-25.980719540630883,5
221825.04+002426.4,-23.146334404273663,-23.443921312576464,-23.89923857650918,-24.06658780994958,-24.261248663525503,-20.178577493805797,-23.089878845877745,-25.117073273700157,-25.59360964134293,-25.67709972934373,-25.536484594552224,-26.21845117658981,5
221958.83+200047.8,-23.599461289388582,-24.090908929080907,-24.539261385643712,-24.816353910597517,-25.12389482000216,-19.613173950298982,-23.350856566223744,-25.31386036531768,-25.703825808383232,-25.84537155136956,-26.13859522222327,-26.702390852383264,5
222720.55-000159.2,-23.1939835256803,-23.501312394276173,-23.92608420279137,-24.078916790170496,-24.36266021551257,-15.551908681681091,-19.291088848225044,-24.74157944100337,-25.10803604108348,-25.61555503542434,-25.628478891175348,-26.30616338652106,5
223348.19+282935.7,-24.04216131003671,-24.191623141037294,-24.53874657561945,-24.73486281761943,-25.01477042516057,-20.53017548931309,-22.732578912028607,-24.98754757608354,-25.255787833640422,-25.674354180391894,-26.222704124883517,-27.11581931233626,5
224741.65+005457.5,-21.867784510711967,-22.504372889622093,-23.036126768145643,-23.266873245607314,-23.47651010447025,-18.81702415338923,-20.31120861855282,-23.57934565650181,-23.45841230426663,-24.11836783261292,-24.5861102802729,-25.27122543942446,5
231930.38+004330.9,-23.51512719593025,-24.099861891359925,-24.785557480987727,-25.038632512749285,-25.34759597985235,-18.559657359106367,-23.154709829673248,-25.72214226385948,-25.533059153308432,-26.167458754928354,-26.80335424509024,-27.69755730035437,5
232101.63+075547.7,-24.62002645502853,-24.99624686164919,-25.43374099559281,-25.67941885817626,-25.984655412212827,-18.63601185814187,-23.53713735797661,-26.16577068099765,-26.26034191505272,-26.669637360772352,-27.449759521480097,-28.479171609355607,5
232229.00+223434.6,-23.754383018669092,-23.98647424427796,-24.378540044512764,-24.624116549656694,-24.95312922002497,-20.37792766034196,-23.22949727455493,-25.00411692512441,-25.448468350549334,-25.699638018939368,-26.69061179559297,-27.7285385979134,5
232550.73-002200.4,-23.61229170571276,-23.85501888831766,-24.42461768860044,-24.673636125755408,-25.00764836797881,-19.888991871239654,-22.91073494595252,-25.185212341227576,-25.124657829145608,-25.703845591264205,-26.616830991718796,-27.544921015646405,5
232757.37+271552.9,-24.31613203307053,-24.60555627781178,-24.959410873388723,-25.082285615975906,-25.290117023099004,-22.12821220514273,-23.821815553404395,-25.35766971604744,-25.179969880138007,-25.693194394016125,-25.778906451968364,-26.290894162645685,5
232810.65+293709.8,-24.32747118417817,-24.545567598382544,-24.96697007624889,-25.104842828049836,-25.329237803404965,-22.171720201727624,-24.333747160658547,-25.89771848016857,-25.88373254751959,-26.296948855017607,-26.733500481743228,-27.54786995607345,5
234057.93+300209.8,-24.003147224490743,-24.22890488728695,-24.671172331303648,-24.92799240572762,-25.03550188715085,-20.45850322287655,-23.37936807025902,-25.20692605391864,-25.33503623830398,-25.64047049900005,-26.09934024342549,-26.904029777201927,5
234214.73+315435.1,-23.05234356517332,-23.406704068341963,-23.77413506312163,-23.85338190956548,-24.049762066042607,-21.481606712335097,-22.70482125709911,-24.660547720231914,-24.89381634207846,-25.41642831630867,-24.708672745975196,-25.36228863171741,5
234529.14+244522.8,-22.417913846124566,-22.966818982103614,-23.52789118642701,-23.837610085006595,-24.165715057226127,-17.049495498338306,-21.33274944263873,-24.4948940297102,-24.846260646158186,-25.80252657877313,-26.680148865013603,-27.61662154338372,5
235321.81-011528.1,-25.15074935772249,-25.40275236684432,-25.797974292204028,-25.97984203779537,-26.10946821171715,-16.959776929173852,-23.201289160706303,-26.17814074576413,-26.129273931383352,-26.476297411901445,-27.011705180036948,-27.703315908058297,5
